RATHISH,27/4/2023,22:30:03,Thursday
THIYAGARAJAN,27/4/2023,22:51:00,Thursday
KEERTHIVASAN,27/5/2023,19:47:42,Saturday
RATHISH,27/4/2023,22:49:54,Thursday
SHARAD,2/5/2023,18:04:50,Tuesday
KEERTHIVASAN,6/5/2023,16:38:06,Saturday
RATHISH,6/5/2023,18:24:41,Saturday
,,,
,,,
,,,
,,,
,,,
,,,
,,,
,,,
,,,
,,,
,,,
,,,
,,,
,,,
,,,
RATHISH,6/5/2023,18:59:03,Saturday
THIYAGARAJAN,6/5/2023,19:01:57,Saturday
,,,
THIYAGARAJAN,6/5/2023,19:07:41,Saturday
RATHISH,6/5/2023,19:18:13,Saturday
RATHISH,6/5/2023,19:36:41,Saturday
RATHISH,6/5/2023,19:38:36,Saturday
THIYAGARAJAN,6/5/2023,19:39:20,Saturday
THIYAGARAJAN,6/5/2023,19:40:59,Saturday
RATHISH,6/5/2023,19:41:15,Saturday
,,,
RATHISH,6/5/2023,19:47:35,Saturday
,,,
THIYAGARAJAN,6/5/2023,19:48:07,Saturday
RATHISH,6/5/2023,19:54:21,Saturday
,,,
,,,
,,,
,,,
,,,
,,,
,,,
,,,
,,,
RATHISH,6/5/2023,20:49:42,Saturday
KEERTHIVASAN,6/5/2023,20:49:54,Saturday
RATHISH,6/5/2023,20:54:12,Saturday
RATHISH,6/5/2023,21:03:53,Saturday
RATHISH,6/5/2023,21:05:10,Saturday
KEERTHIVASAN,6/5/2023,21:05:30,Saturday
RATHISH,8/5/2023,11:07:02,Monday
,,,
RATHISH,5/11/2023,10:34:58,Thursday
RATHISH,5/11/2023,18:53:21,Thursday
THIYAGARAJAN,5/11/2023,18:53:36,Thursday
KEERTHIVASAN,5/11/2023,18:53:42,Thursday
RATHISH,5/11/2023,18:54:31,Thursday
,,,
RATHISH,5/13/2023,9:53:14,Saturday

RATHISH,2023-05-13,12:42:31,Saturday